,PairID,PDB_x,Chain_x,PDB_y,Chain_y
0,1,1G2C,F,5C6B,F
1,2,5EC5,P,3ZXG,B
2,3,1UXM,K,2NAM,A
3,4,7AHL,E,4YHD,G
4,5,5AOE,B,5LY6,B
5,6,1OVA,A,1JTI,B
6,7,3GMH,L,2VFX,L
7,8,3M1B,F,3LOW,A
8,9,3J7W,B,3J7V,G
9,10,2LQW,A,2BZY,B
10,11,5EJB,C,1WP8,C
11,13,5HMG,B,1HTM,B
12,14,4J3O,F,2JMR,A
13,15,4HDD,A,2LEP,A
14,16,1MIQ,B,1QS8,B
15,17,4NC9,C,4N9W,A
16,18,3J97,M,1XTG,B
17,19,2NAO,F,1IYT,A
18,20,5C1V,A,5C1V,B
19,21,4ZT0,C,4CMQ,B
20,22,5JYT,A,2QKE,E
21,23,2LEJ,A,2LV1,A
22,24,3JV6,A,1ZK9,A
23,25,5K5G,A,2KB8,A
24,26,4UV2,D,4Q79,F
25,27,1WYY,B,5WRG,A
26,28,5FHC,J,1EBO,E
27,29,4WSG,C,1SVF,C
28,30,1NQD,A,1NQJ,B
29,31,5FLU,E,2UY7,D
30,32,3QY2,A,1QB3,A
31,33,2OUG,C,2LCL,A
32,34,1QOM,B,1NOC,A
33,35,4RR2,D,3L9Q,B
34,36,2GED,B,1NRJ,B
35,37,5KEQ,F,1DZL,A
38,40,4ZRB,C,4ZRB,H
39,41,4QHF,A,4QHH,A
40,42,4AAN,A,4AAL,A
41,43,1X0G,A,1X0G,D
42,44,4AE0,A,4OW6,B
43,45,1MNM,C,1MNM,D
44,46,2NNT,A,2MWF,A
45,47,4JPH,B,5HK5,H
46,48,3IFA,A,5ET5,A
47,50,4FU4,C,4G0D,Z
48,51,1H38,D,1QLN,A
49,52,5B3Z,A,5BMY,A
50,53,1XJT,A,1XJU,B
51,54,3HDE,A,3HDF,A
52,55,4B3O,B,3MEE,A
53,56,4TWA,A,4YDQ,B
54,57,3EJH,A,3M7P,A
55,58,1K0N,A,1RK4,B
56,59,1XNT,A,3LQC,A
57,60,2AXZ,A,2GRM,B
58,61,4GQC,C,4GQC,B
59,62,4O0P,A,4O01,D
60,63,4DXT,A,4DXR,A
61,64,4RWN,A,4RWQ,B
62,65,2HDM,A,2N54,B
63,66,3VO9,B,3VPA,D
65,68,3ZWG,N,4TSY,D
66,69,3EWS,B,3G0H,A
67,70,3TP2,A,5LJ3,M
68,71,3NJQ,A,2PBK,B
69,72,4RMB,A,4RMB,B
70,73,2CE7,C,3KDS,G
71,74,4PHQ,A,2WCD,X
72,75,3T1P,A,1KCT,A
73,76,3J9C,A,3Q8F,A
74,77,2NXQ,B,1JFK,A
75,78,5L35,D,5L35,G
76,79,5I2M,A,5I2S,A
77,80,5F3K,A,5F5R,B
78,81,4QDS,A,2QQJ,A
79,82,5JZH,A,5JZT,G
81,84,5INE,A,4YYP,A
83,86,2A73,B,3L5N,B
84,87,2K0Q,A,2LEL,A
86,89,4A5W,B,3T5O,A
88,91,1CEE,B,2K42,A
89,92,3O44,A,1XEZ,A
90,93,1REP,C,2Z9O,B
91,94,3KUY,A,5C3I,F
92,95,2N0A,D,2KKW,A
93,96,4M4R,A,4W50,B
